timestamp,cpu_usage,memory_usage,heap_mb,heap_growth_bps,proc_cpu_pct,rest_rtt_ms,label
2026-03-01 22:10:57,0.0,69.7,171.4,0.0,51.0,15.3,0
2026-03-01 22:11:00,0.0,70.7,173.8,772611.0,41.4,13.5,0
2026-03-01 22:11:03,1.1,70.8,174.1,134666.0,35.9,10.5,0
2026-03-01 22:11:06,3.1,71.0,174.5,114947.0,31.4,16.9,0
2026-03-01 22:11:09,1.0,71.9,176.7,785841.0,28.1,11.7,0
2026-03-01 22:11:12,0.6,72.2,177.7,352895.0,25.1,23.5,0
2026-03-01 22:11:15,1.0,72.2,177.7,0.0,22.9,15.6,0
2026-03-01 22:11:18,2.1,33.8,88.8,-30430093.0,21.2,7.9,0
2026-03-01 22:11:21,0.0,34.4,90.4,548265.0,19.7,18.6,0
2026-03-01 22:11:23,2.2,34.6,90.9,169958.0,18.3,15.0,0
2026-03-01 22:11:26,3.0,34.8,91.5,204612.0,17.2,14.1,0
2026-03-01 22:11:29,1.1,35.3,92.8,507168.0,16.2,12.5,0
2026-03-01 22:11:32,0.0,35.7,93.8,316185.0,15.3,5.2,0
2026-03-01 22:11:35,2.8,35.8,94.0,57413.0,14.4,10.0,0
2026-03-01 22:11:38,1.1,36.2,95.1,369358.0,13.8,7.1,0
2026-03-01 22:11:41,19.5,36.3,95.3,53132.0,13.1,7.7,0
2026-03-01 22:11:45,1.9,36.5,95.9,157893.0,12.4,11.8,0
2026-03-01 22:11:49,1.1,37.1,97.5,410546.0,12.3,23.5,0
2026-03-01 22:11:54,4.4,37.4,98.3,162120.0,11.6,22.4,0
2026-03-01 22:11:58,3.6,38.0,99.7,312850.0,11.4,35.2,0
2026-03-01 22:12:02,0.9,38.3,100.6,208041.0,11.0,55.1,0
2026-03-01 22:12:07,11.1,38.6,101.3,167777.0,10.9,21.2,0
2026-03-01 22:12:11,1.1,39.1,102.6,334593.0,10.5,29.3,0
2026-03-01 22:12:15,4.0,39.1,102.7,24462.0,10.1,9.0,0
2026-03-01 22:12:19,2.9,40.0,105.0,608209.0,10.0,59.9,0
2026-03-01 22:12:22,2.2,40.1,105.4,94947.0,9.7,14.4,0
2026-03-01 22:12:26,1.1,40.4,106.1,179613.0,9.4,9.4,0
2026-03-01 22:12:30,0.0,41.0,107.7,383068.0,9.2,11.4,0
2026-03-01 22:12:34,2.0,41.2,108.2,127299.0,9.0,9.0,0
2026-03-01 22:12:38,1.1,41.7,109.5,360088.0,8.8,14.9,0
2026-03-01 22:12:42,1.1,41.8,109.8,72177.0,8.6,8.2,0
2026-03-01 22:12:46,2.1,41.8,109.8,0.0,8.4,9.4,0
2026-03-01 22:12:49,2.0,42.6,111.8,536274.0,8.5,22.8,0
2026-03-01 22:12:53,2.1,42.9,112.6,225375.0,8.4,27.0,0
2026-03-01 22:12:57,1.1,43.2,113.6,240050.0,8.2,10.9,0
2026-03-01 22:13:01,3.3,43.4,114.1,148069.0,8.0,18.5,0
2026-03-01 22:13:05,4.1,43.7,114.7,159413.0,7.9,9.8,0
2026-03-01 22:13:08,1.1,44.2,116.0,337436.0,7.8,7.4,0
2026-03-01 22:13:12,2.1,44.3,116.4,103225.0,7.6,13.1,0
2026-03-01 22:13:16,1.1,44.5,116.8,103352.0,7.5,28.4,0
2026-03-01 22:13:20,1.1,45.2,118.7,477655.0,7.5,12.6,0
2026-03-01 22:13:24,3.2,45.4,119.3,170707.0,7.4,30.4,0
2026-03-01 22:13:27,0.0,45.9,120.4,287063.0,7.3,7.9,0
2026-03-01 22:13:31,3.2,45.9,120.4,0.0,7.2,6.3,0
2026-03-01 22:13:35,3.0,46.5,122.0,436034.0,7.1,80.5,0
2026-03-01 22:13:39,0.0,47.0,123.3,321104.0,7.0,66.6,0
2026-03-01 22:13:43,3.2,47.1,123.7,84291.0,6.9,7.3,0
2026-03-01 22:13:47,1.1,47.3,124.2,137507.0,6.8,9.4,0
2026-03-01 22:13:51,2.9,47.8,125.7,360885.0,6.7,14.6,0
2026-03-01 22:13:55,1.7,48.1,126.4,187819.0,6.7,69.4,0
2026-03-01 22:13:59,4.0,48.6,127.5,285777.0,6.6,58.4,0
2026-03-01 22:14:03,2.1,48.6,127.7,38395.0,6.5,9.4,0
2026-03-01 22:14:07,3.1,49.5,130.1,519587.0,6.4,9.0,0
2026-03-01 22:14:11,0.9,49.8,130.7,153937.0,6.3,9.0,0
2026-03-01 22:14:15,2.1,49.8,130.9,44518.0,6.2,8.9,0
2026-03-01 22:14:19,2.0,50.4,132.5,414140.0,6.3,8.0,0
2026-03-01 22:14:23,1.1,50.5,132.6,45115.0,6.2,47.9,0
2026-03-01 22:14:27,3.3,50.5,132.6,0.0,6.1,17.3,0
2026-03-01 22:14:31,2.1,51.0,134.0,358099.0,6.1,17.1,0
2026-03-01 22:14:35,5.7,51.3,134.9,208690.0,6.0,68.5,0
2026-03-01 22:14:39,0.0,52.0,136.6,417476.0,6.0,26.8,0
2026-03-01 22:14:43,2.2,52.1,136.9,64516.0,6.0,13.7,0
2026-03-01 22:14:47,1.1,52.2,137.2,90431.0,5.9,17.5,0
2026-03-01 22:14:51,1.1,53.1,139.5,568092.0,5.9,9.2,0
2026-03-01 22:14:54,6.1,53.3,140.0,125490.0,5.8,27.3,0
2026-03-01 22:14:58,2.1,53.6,140.9,253717.0,5.8,11.5,0
2026-03-01 22:15:02,3.1,54.0,141.7,211177.0,5.8,8.0,0
2026-03-01 22:15:06,1.9,54.2,142.3,164845.0,5.7,9.4,0
2026-03-01 22:15:10,3.8,54.6,143.3,243940.0,5.7,8.4,0
2026-03-01 22:15:14,11.3,54.8,143.8,135073.0,5.6,14.5,0
2026-03-01 22:15:18,1.1,55.3,145.2,328123.0,5.7,141.6,0
2026-03-01 22:15:22,4.2,55.8,146.6,339429.0,5.6,14.9,0
2026-03-01 22:15:26,1.1,56.1,147.3,187004.0,5.6,10.4,0
2026-03-01 22:15:29,0.0,56.4,148.1,203009.0,5.5,11.8,0
2026-03-01 22:15:33,0.0,56.6,148.5,135808.0,5.5,9.6,0
2026-03-01 22:15:37,0.0,57.0,149.7,276880.0,5.5,9.2,0
2026-03-01 22:15:41,1.1,57.3,150.4,177204.0,5.4,9.5,0
2026-03-01 22:15:45,0.9,57.4,150.9,121867.0,5.4,18.6,0
2026-03-01 22:15:49,2.0,58.4,153.4,643526.0,5.4,22.4,0
2026-03-01 22:15:53,1.0,58.5,153.6,41364.0,5.4,13.3,0
2026-03-01 22:15:57,3.4,58.7,154.2,156100.0,5.4,6.6,0
2026-03-01 22:16:01,1.1,59.1,155.1,217394.0,5.4,11.5,0
2026-03-01 22:16:05,1.5,59.4,156.1,238520.0,5.4,14.3,0
2026-03-01 22:16:09,2.2,60.1,157.8,428032.0,5.4,15.6,0
2026-03-01 22:16:13,2.3,60.4,158.6,219025.0,5.3,12.6,0
2026-03-01 22:16:17,2.2,60.4,158.8,38827.0,5.3,16.0,0
2026-03-01 22:16:21,1.1,61.1,160.4,394200.0,5.3,9.3,0
2026-03-01 22:16:25,3.3,61.1,160.5,41389.0,5.2,14.8,0
2026-03-01 22:16:29,1.1,61.7,162.1,378547.0,5.2,49.8,0
2026-03-01 22:16:34,3.5,61.8,162.2,32010.0,5.2,31.0,0
2026-03-01 22:16:38,1.0,62.7,164.6,524075.0,5.1,8.3,0
2026-03-01 22:16:42,0.0,62.9,165.1,142478.0,5.1,12.5,0
2026-03-01 22:16:46,1.1,63.1,165.7,141954.0,5.1,11.2,0
2026-03-01 22:16:50,2.2,63.6,167.0,360248.0,5.1,7.9,0
2026-03-01 22:16:54,1.1,63.8,167.7,158285.0,5.0,35.2,0
2026-03-01 22:16:57,2.9,64.3,168.8,305433.0,5.0,13.6,0
2026-03-01 22:17:01,5.4,64.5,169.4,165783.0,5.0,12.3,0
2026-03-01 22:17:05,0.0,64.7,169.9,115630.0,5.0,7.8,0
2026-03-01 22:17:09,1.1,65.2,171.2,336574.0,5.0,12.2,0
2026-03-01 22:17:13,3.0,65.6,172.3,286930.0,4.9,9.3,0
2026-03-01 22:17:17,3.2,65.7,172.5,46561.0,4.9,9.7,0
2026-03-01 22:17:21,1.8,66.3,174.2,398356.0,4.9,10.3,0
2026-03-01 22:17:25,0.0,66.5,174.6,90989.0,4.9,9.2,0
2026-03-01 22:17:29,3.1,66.8,175.4,189149.0,4.9,10.0,0
2026-03-01 22:17:33,2.1,66.9,175.8,109159.0,4.8,25.5,0
2026-03-01 22:17:37,2.0,67.5,177.3,370074.0,4.8,8.5,0
2026-03-01 22:17:41,1.1,67.8,178.0,168150.0,4.8,9.2,0
2026-03-01 22:17:45,0.0,68.1,178.8,213972.0,4.8,29.6,0
2026-03-01 22:17:49,3.0,68.6,180.2,385361.0,4.8,48.8,0
2026-03-01 22:17:52,1.1,68.9,180.9,207845.0,4.8,6.6,0
2026-03-01 22:17:56,2.7,69.1,181.5,139748.0,4.7,9.0,0
2026-03-01 22:18:00,1.0,69.5,182.7,305723.0,4.7,43.8,0
2026-03-01 22:18:04,2.0,69.6,182.8,42109.0,4.7,11.8,0
2026-03-01 22:18:07,1.1,70.4,185.0,598010.0,4.7,8.9,0
2026-03-01 22:18:11,1.1,70.7,185.6,157099.0,4.7,10.4,0
2026-03-01 22:18:15,1.1,70.7,185.8,41195.0,4.7,15.1,0
2026-03-01 22:18:19,2.0,71.4,187.6,456747.0,4.7,41.2,0
2026-03-01 22:18:23,0.9,71.5,187.9,86718.0,4.7,21.9,0
2026-03-01 22:18:27,2.2,71.9,189.0,236226.0,4.6,13.0,0
2026-03-01 22:18:31,1.1,72.2,189.6,156164.0,4.6,9.3,0
2026-03-01 22:18:36,2.2,72.6,190.6,235702.0,4.6,10.2,0
2026-03-01 22:18:40,1.1,72.9,191.5,242610.0,4.6,12.1,0
2026-03-01 22:18:44,0.0,73.1,192.0,99898.0,4.6,25.7,0
2026-03-01 22:18:48,1.1,73.5,193.1,270878.0,4.6,7.4,0
2026-03-01 22:18:53,2.2,33.1,85.8,-26128118.0,4.7,33.4,0
2026-03-01 22:18:57,3.2,33.5,86.9,261081.0,4.7,14.2,0
2026-03-01 22:19:01,1.0,33.9,87.9,242979.0,4.7,17.3,0
2026-03-01 22:19:04,3.1,34.2,88.7,201043.0,4.6,8.8,0
2026-03-01 22:19:08,2.1,34.7,90.1,390041.0,4.7,158.0,0
2026-03-01 22:19:12,1.1,34.9,90.7,141018.0,4.6,5.3,0
2026-03-01 22:19:16,7.8,35.1,91.2,136570.0,4.6,9.8,0
2026-03-01 22:19:20,6.6,35.5,92.1,225270.0,4.6,7.7,0
2026-03-01 22:19:24,3.3,35.7,92.6,144973.0,4.6,7.1,0
2026-03-01 22:19:28,2.6,36.2,94.0,325219.0,4.6,23.1,0
2026-03-01 22:19:32,0.9,36.4,94.5,133729.0,4.6,15.7,0
2026-03-01 22:19:36,1.1,36.8,95.6,271191.0,4.5,8.5,0
2026-03-01 22:19:40,4.1,37.2,96.7,285203.0,4.5,44.3,0
2026-03-01 22:19:43,1.9,37.3,96.8,35526.0,4.5,8.0,0
2026-03-01 22:19:47,3.0,37.7,97.8,274304.0,4.5,18.6,0
2026-03-01 22:19:51,2.2,38.1,99.0,294263.0,4.5,8.0,0
2026-03-01 22:19:55,1.0,38.2,99.2,58388.0,4.5,16.8,0
2026-03-01 22:19:58,2.2,38.7,100.4,349374.0,4.5,29.1,0
2026-03-01 22:20:02,0.0,38.7,100.6,39680.0,4.4,9.1,0
2026-03-01 22:20:06,2.2,39.1,101.4,224359.0,4.4,20.4,0
2026-03-01 22:20:10,2.1,39.6,102.8,340213.0,4.4,7.0,0
2026-03-01 22:20:13,2.0,39.7,103.0,76648.0,4.4,32.0,0
2026-03-01 22:20:17,2.1,40.0,103.8,208125.0,4.4,10.3,0
2026-03-01 22:20:21,2.1,40.5,105.0,297239.0,4.4,16.1,0
2026-03-01 22:20:26,2.1,40.6,105.4,95087.0,4.4,17.3,0
2026-03-01 22:20:29,3.0,41.0,106.4,245233.0,4.4,5.8,0
2026-03-01 22:20:33,0.0,41.2,107.0,179513.0,4.4,9.4,0
2026-03-01 22:20:37,2.1,41.7,108.2,266745.0,4.4,8.6,0
2026-03-01 22:20:41,1.1,41.9,108.7,122940.0,4.3,10.2,0
2026-03-01 22:20:45,1.7,42.1,109.3,178868.0,4.3,81.7,0
2026-03-01 22:20:49,1.0,42.6,110.5,309116.0,4.3,4.7,0
2026-03-01 22:20:53,0.0,42.9,111.4,215995.0,4.3,13.7,0
2026-03-01 22:20:57,1.1,43.3,112.4,250982.0,4.3,18.0,0
2026-03-01 22:21:01,4.2,43.4,112.5,38936.0,4.3,9.3,0
2026-03-01 22:21:05,3.0,43.6,113.2,174790.0,4.3,20.2,0
2026-03-01 22:21:08,2.0,44.1,114.4,329463.0,4.3,11.9,0
2026-03-01 22:21:13,1.0,44.4,115.1,163934.0,4.3,17.5,0
2026-03-01 22:21:17,1.1,44.7,116.1,223494.0,4.3,6.0,0
2026-03-01 22:21:21,3.7,45.0,116.8,177191.0,4.2,30.6,0
2026-03-01 22:21:25,2.3,45.4,117.8,227548.0,4.3,262.2,0
2026-03-01 22:21:29,2.0,45.7,118.6,198561.0,4.3,8.6,0
2026-03-01 22:21:33,2.0,45.8,118.9,67993.0,4.3,11.3,0
2026-03-01 22:21:37,1.1,46.4,120.5,430346.0,4.2,18.9,0
2026-03-01 22:21:41,0.0,46.4,120.5,0.0,4.2,9.5,0
2026-03-01 22:21:45,4.7,46.7,121.2,159929.0,4.2,8.0,0
2026-03-01 22:21:49,1.0,47.3,122.7,407341.0,4.2,23.6,0
2026-03-01 22:21:53,2.1,47.6,123.4,176015.0,4.2,32.0,0
2026-03-01 22:21:57,2.2,47.9,124.4,250278.0,4.2,16.4,0
2026-03-01 22:22:02,7.3,48.1,124.9,109651.0,4.2,12.2,0
2026-03-01 22:22:06,1.1,48.3,125.4,119290.0,4.2,8.7,0
2026-03-01 22:22:10,4.2,49.0,127.2,452602.0,4.2,22.6,0
2026-03-01 22:22:14,1.0,49.1,127.5,89330.0,4.2,91.5,0
2026-03-01 22:22:18,2.1,49.4,128.3,170218.0,4.2,9.7,0
2026-03-01 22:22:22,0.0,49.9,129.4,249357.0,4.2,35.4,0
2026-03-01 22:22:26,3.1,49.9,129.5,26012.0,4.1,7.6,0
2026-03-01 22:22:30,1.1,50.3,130.5,276042.0,4.1,47.3,0
2026-03-01 22:22:33,5.9,50.5,130.9,122621.0,4.1,9.5,0
2026-03-01 22:22:38,0.0,51.0,132.4,371492.0,4.1,9.3,0
2026-03-01 22:22:42,1.1,51.2,132.9,113781.0,4.1,8.6,0
2026-03-01 22:22:46,2.0,51.4,133.3,103673.0,4.1,22.5,0
2026-03-01 22:22:50,4.3,51.8,134.4,267183.0,4.1,57.0,0
2026-03-01 22:22:54,1.1,52.1,135.2,199583.0,4.1,7.2,0
2026-03-01 22:22:57,0.0,52.5,136.2,261278.0,4.1,33.6,0
2026-03-01 22:23:02,0.0,52.8,136.9,189208.0,4.1,9.0,0
2026-03-01 22:23:06,4.2,52.9,137.4,105555.0,4.1,15.7,0
2026-03-01 22:23:10,4.5,53.5,138.8,353723.0,4.1,14.9,0
2026-03-01 22:23:13,2.0,53.5,139.0,32962.0,4.1,15.9,0
2026-03-01 22:23:18,0.0,54.0,140.2,284766.0,4.1,12.0,0
2026-03-01 22:23:22,1.1,54.2,140.6,111517.0,4.1,6.1,0
2026-03-01 22:23:24,0.0,54.4,141.1,160193.0,4.1,7.1,0
2026-03-01 22:23:27,1.0,55.0,142.7,534055.0,4.0,13.6,0
2026-03-01 22:23:31,0.9,55.1,143.1,117427.0,4.0,11.3,0
2026-03-01 22:23:34,0.0,55.3,143.4,105125.0,4.0,6.5,0
2026-03-01 22:23:38,0.0,55.8,144.9,399153.0,4.0,7.1,0
2026-03-01 22:23:41,2.2,55.9,145.0,38962.0,4.0,16.0,0
2026-03-01 22:23:45,2.0,56.1,145.5,149631.0,4.0,10.8,0
2026-03-01 22:23:49,1.9,56.5,146.7,303592.0,4.0,9.0,0
2026-03-01 22:23:53,1.8,56.8,147.4,174070.0,4.0,9.8,0
2026-03-01 22:23:58,4.2,57.1,148.3,172550.0,4.0,52.6,0
2026-03-01 22:24:02,1.0,57.5,149.1,170465.0,4.0,9.9,0
2026-03-01 22:24:07,29.1,57.5,149.3,50721.0,4.1,14.3,0
2026-03-01 22:24:11,3.1,58.3,151.2,454721.0,4.1,10.5,0
2026-03-01 22:24:16,2.1,58.4,151.5,47529.0,4.1,7.2,0
2026-03-01 22:24:20,1.9,58.7,152.3,199233.0,4.1,9.5,0
2026-03-01 22:24:25,3.7,59.2,153.6,284640.0,4.1,7.4,0
2026-03-01 22:24:28,2.9,59.5,154.5,241195.0,4.1,10.2,0
2026-03-01 22:24:33,1.1,59.8,155.1,148084.0,4.1,19.1,0
2026-03-01 22:24:38,6.8,60.1,155.9,146264.0,4.1,11.0,0
2026-03-01 22:24:42,1.9,60.4,156.8,228637.0,4.1,15.8,0
2026-03-01 22:24:45,0.0,60.7,157.6,207097.0,4.0,10.2,0
2026-03-01 22:24:49,1.8,61.1,158.5,251323.0,4.0,47.9,0
2026-03-01 22:24:53,2.2,61.2,158.8,66618.0,4.0,20.7,0
2026-03-01 22:24:57,2.0,61.7,160.2,380123.0,4.0,13.5,0
2026-03-01 22:25:01,2.7,62.0,161.0,201962.0,4.0,11.8,0
2026-03-01 22:25:05,3.7,62.2,161.5,114942.0,4.0,9.1,0
2026-03-01 22:25:08,0.0,62.7,162.8,415896.0,4.0,12.3,0
2026-03-01 22:25:13,0.8,62.8,163.0,29636.0,4.0,21.4,0
2026-03-01 22:25:16,1.1,63.1,163.7,210486.0,4.0,21.9,0
2026-03-01 22:25:21,2.8,63.5,164.8,232520.0,4.0,8.7,0
2026-03-01 22:25:24,0.9,63.7,165.4,173982.0,4.0,11.7,0
2026-03-01 22:25:28,1.1,64.1,166.4,289238.0,4.0,17.5,0
2026-03-01 22:25:32,2.2,64.3,166.8,75819.0,4.0,10.0,0
2026-03-01 22:25:37,4.3,64.4,167.1,68821.0,4.0,14.2,0
2026-03-01 22:25:41,1.7,65.1,169.0,505226.0,3.9,9.7,0
2026-03-01 22:25:45,1.1,65.3,169.4,94710.0,3.9,11.6,0
2026-03-01 22:25:49,3.0,65.6,170.3,239053.0,3.9,60.2,0
2026-03-01 22:25:52,1.7,65.9,171.1,202003.0,3.9,13.4,0
2026-03-01 22:25:56,1.0,66.1,171.6,147083.0,3.9,18.5,0
2026-03-01 22:26:00,1.1,66.8,173.3,406691.0,3.9,6.7,0
2026-03-01 22:26:04,0.0,66.9,173.5,78524.0,3.9,7.1,0
2026-03-01 22:26:07,1.1,66.9,173.7,42636.0,3.9,9.5,0
2026-03-01 22:26:10,0.0,67.4,174.9,386300.0,3.9,12.8,0
2026-03-01 22:26:13,3.2,67.5,175.3,140103.0,3.9,5.6,0
2026-03-01 22:26:16,11.4,47.4,119.1,-18236753.0,4.1,6.6,0
2026-03-01 22:26:19,33.3,60.4,151.7,10948028.0,4.5,9.4,0
2026-03-01 22:26:22,71.4,73.2,183.7,10005980.0,0.0,5.8,1
2026-03-01 22:26:34,21.6,65.3,253.0,5678765.0,10.5,299.9,1
2026-03-01 22:26:47,4.0,0.0,0.0,0.0,0.0,0.0,2
2026-03-01 22:26:52,1.1,0.0,0.0,0.0,0.0,0.0,2
2026-03-01 22:26:55,0.7,0.0,0.0,0.0,0.0,0.0,2
2026-03-01 22:26:57,0.7,0.0,0.0,0.0,0.0,0.0,2
2026-03-01 22:27:01,0.0,0.0,0.0,0.0,0.0,0.0,2
2026-03-01 22:27:04,0.7,0.0,0.0,0.0,0.0,0.0,2
2026-03-01 22:27:07,0.0,0.0,0.0,0.0,0.0,0.0,2
2026-03-01 22:27:10,38.8,0.0,0.0,0.0,130.0,0.0,2
2026-03-01 22:27:13,2.2,70.9,175.0,0.0,144.0,62.0,0
2026-03-01 22:27:16,1.1,34.6,86.4,-29349238.0,84.3,25.1,0
2026-03-01 22:27:19,0.0,35.2,87.9,471958.0,58.8,8.5,0
2026-03-01 22:27:22,3.2,36.5,91.0,1135701.0,47.2,14.7,0
2026-03-01 22:27:25,2.2,37.3,93.0,654435.0,38.8,21.2,0
2026-03-01 22:27:27,1.1,37.4,93.3,128086.0,33.3,36.3,0
2026-03-01 22:27:30,2.1,37.4,93.4,13700.0,29.2,21.4,0
2026-03-01 22:27:33,1.1,38.4,95.7,795144.0,25.9,9.9,0
2026-03-01 22:27:36,2.1,38.5,96.0,90589.0,23.5,15.9,0
2026-03-01 22:27:39,1.1,38.5,96.2,75218.0,21.5,9.2,0
2026-03-01 22:27:42,1.1,39.3,98.2,734332.0,19.9,8.7,0
2026-03-01 22:27:44,1.1,39.7,99.0,298254.0,18.5,24.9,0
2026-03-01 22:27:47,0.0,39.7,99.0,0.0,17.3,10.1,0
2026-03-01 22:27:50,18.1,52.4,130.7,11230804.0,19.6,10.6,0
2026-03-01 22:27:53,33.3,61.4,153.2,7976083.0,26.6,10.8,0
2026-03-01 22:27:56,68.3,48.7,177.6,7823589.0,39.7,197.1,1
2026-03-01 22:28:05,0.0,72.5,264.1,9941480.0,87.2,24.9,1
2026-03-01 22:28:11,100.0,69.9,334.0,10627140.0,0.0,81.2,1
2026-03-01 22:28:20,1.1,0.0,0.0,0.0,0.0,0.0,2
2026-03-01 22:28:24,2.1,0.0,0.0,0.0,0.0,0.0,2
2026-03-01 22:28:26,1.1,0.0,0.0,0.0,0.0,0.0,2
2026-03-01 22:28:29,1.1,0.0,0.0,0.0,0.0,0.0,2
2026-03-01 22:28:32,2.1,0.0,0.0,0.0,0.0,0.0,2
2026-03-01 22:28:34,0.0,0.0,0.0,0.0,0.0,0.0,2
2026-03-01 22:28:37,1.9,0.0,0.0,0.0,0.0,0.0,2
2026-03-01 22:28:40,1.1,0.0,0.0,0.0,0.0,0.0,2
2026-03-01 22:28:43,1.1,0.0,0.0,0.0,0.0,0.0,2
2026-03-01 22:28:45,1.0,0.0,0.0,0.0,0.0,0.0,2
2026-03-01 22:28:48,50.6,0.0,0.0,0.0,144.0,0.0,0
2026-03-01 22:28:51,3.3,50.8,137.9,0.0,165.0,59.3,0
2026-03-01 22:28:54,1.0,52.0,141.2,1182510.0,92.4,8.0,0
2026-03-01 22:28:57,1.1,52.4,142.4,363933.0,59.9,14.0,0
2026-03-01 22:29:01,0.0,54.1,146.8,1287153.0,45.6,27.8,0
2026-03-01 22:29:03,1.1,54.2,147.3,170134.0,38.0,23.7,0
2026-03-01 22:29:07,1.1,54.2,147.3,0.0,32.2,8.9,0
2026-03-01 22:29:09,3.4,54.3,147.5,72310.0,28.3,20.3,0
2026-03-01 22:29:12,2.0,55.4,150.3,972200.0,25.3,27.3,0
2026-03-01 22:29:15,0.8,55.5,150.8,155594.0,22.9,15.4,0
2026-03-01 22:29:18,0.9,55.6,151.0,82495.0,20.9,9.0,0
2026-03-01 22:29:21,0.9,56.3,152.9,660936.0,19.3,17.3,0
2026-03-01 22:29:24,0.8,56.7,154.1,435647.0,17.9,8.2,0
2026-03-01 22:29:26,0.0,56.7,154.1,0.0,16.7,10.7,0
2026-03-01 22:29:29,1.1,56.7,154.1,0.0,15.9,19.2,0
2026-03-01 22:29:32,2.1,57.3,155.7,562324.0,15.0,12.1,0
2026-03-01 22:29:35,8.5,39.6,108.7,-17314695.0,15.8,8.5,0
2026-03-01 22:29:37,16.2,47.6,130.7,7961863.0,20.3,8.5,0
2026-03-01 22:29:40,52.5,59.6,163.7,12079852.0,28.6,8.8,1
2026-03-01 22:29:43,100.0,52.2,186.8,8189925.0,40.0,10.8,1
2026-03-01 22:29:50,81.2,66.8,250.2,8739447.0,64.2,19.4,1
2026-03-01 22:29:57,87.5,67.7,323.3,10553707.0,86.8,10.9,1
2026-03-01 22:30:05,66.0,85.3,407.2,10171732.0,105.0,8.8,1
2026-03-01 22:30:08,0.0,0.0,0.0,0.0,0.0,0.0,2
2026-03-01 22:30:11,1.8,0.0,0.0,0.0,0.0,0.0,2
2026-03-01 22:30:14,1.7,0.0,0.0,0.0,0.0,0.0,2
2026-03-01 22:30:17,0.9,0.0,0.0,0.0,0.0,0.0,2
2026-03-01 22:30:20,0.0,0.0,0.0,0.0,0.0,0.0,2
2026-03-01 22:30:23,0.0,0.0,0.0,0.0,0.0,0.0,2
2026-03-01 22:30:26,1.0,0.0,0.0,0.0,0.0,0.0,2
2026-03-01 22:30:29,0.0,0.0,0.0,0.0,0.0,0.0,2
2026-03-01 22:30:31,0.0,0.0,0.0,0.0,0.0,0.0,2
2026-03-01 22:30:34,0.9,0.0,0.0,0.0,0.0,0.0,2
2026-03-01 22:30:37,50.0,0.0,0.0,0.0,151.0,0.0,2
2026-03-01 22:30:40,1.1,47.7,135.3,0.0,161.0,80.7,0
2026-03-01 22:30:43,0.0,49.0,139.1,1334538.0,90.2,16.3,0
2026-03-01 22:30:45,0.0,49.6,140.6,552286.0,63.2,15.5,0
2026-03-01 22:30:48,1.0,50.9,144.5,1312591.0,47.8,12.7,0
2026-03-01 22:30:51,2.1,51.6,146.5,708762.0,39.3,15.2,0
2026-03-01 22:30:54,1.1,51.6,146.5,0.0,33.2,8.6,0
2026-03-01 22:30:57,0.0,51.7,146.8,102445.0,29.1,16.1,0
2026-03-01 22:31:00,0.0,52.3,148.5,601526.0,25.9,11.1,0
2026-03-01 22:31:02,0.8,52.7,149.4,343313.0,23.2,11.6,0
2026-03-01 22:31:05,2.2,52.8,149.7,114194.0,21.2,6.0,0
2026-03-01 22:31:08,5.5,52.9,150.1,123381.0,19.7,10.1,0
2026-03-01 22:31:11,15.1,61.2,173.6,8616593.0,20.1,5.3,0
2026-03-01 22:31:13,29.5,47.5,127.9,-17112473.0,25.7,9.8,0
2026-03-01 22:31:16,41.7,59.6,160.4,11813934.0,36.3,10.2,1
2026-03-01 22:31:19,90.9,71.9,193.4,11415935.0,51.9,6.9,1
2026-03-01 22:31:25,100.0,59.3,241.1,8223749.0,0.0,28.6,1
2026-03-01 22:31:35,0.0,72.6,356.4,11288835.0,120.0,35.8,1
2026-03-01 22:31:47,0.0,0.0,0.0,0.0,0.0,0.0,2
2026-03-01 22:31:50,0.0,0.0,0.0,0.0,0.0,0.0,2
2026-03-01 22:31:53,0.0,0.0,0.0,0.0,0.0,0.0,2
2026-03-01 22:31:56,1.1,0.0,0.0,0.0,0.0,0.0,2
2026-03-01 22:31:59,1.0,0.0,0.0,0.0,0.0,0.0,2
2026-03-01 22:32:02,0.0,0.0,0.0,0.0,0.0,0.0,2
2026-03-01 22:32:05,0.9,0.0,0.0,0.0,0.0,0.0,2
2026-03-01 22:32:08,1.0,0.0,0.0,0.0,0.0,0.0,2
2026-03-01 22:32:11,1.2,0.0,0.0,0.0,0.0,0.0,2
2026-03-01 22:32:14,0.8,0.0,0.0,0.0,0.0,0.0,2
2026-03-01 22:32:17,1.0,0.0,0.0,0.0,0.0,0.0,2
2026-03-01 22:32:20,0.0,0.0,0.0,0.0,0.0,0.0,2
2026-03-01 22:32:22,0.0,0.0,0.0,0.0,0.0,0.0,2
2026-03-01 22:32:25,1.1,0.0,0.0,0.0,0.0,0.0,2
2026-03-01 22:32:28,0.9,0.0,0.0,0.0,0.0,0.0,2
2026-03-01 22:32:31,65.3,0.0,0.0,0.0,176.0,0.0,0
2026-03-01 22:32:34,0.9,36.4,104.2,0.0,116.0,57.1,0
2026-03-01 22:32:37,1.1,37.6,107.5,1172883.0,72.8,40.3,0
2026-03-01 22:32:39,1.1,37.8,108.1,225214.0,53.6,12.9,0
2026-03-01 22:32:42,1.1,39.5,112.9,1745427.0,43.5,13.5,0
2026-03-01 22:32:45,1.1,39.7,113.5,232659.0,36.1,30.0,0
2026-03-01 22:32:48,0.0,39.7,113.5,0.0,30.9,19.6,0
2026-03-01 22:32:50,0.0,39.7,113.5,0.0,27.1,13.7,0
2026-03-01 22:32:53,2.2,40.9,116.9,1268571.0,24.3,15.1,0
2026-03-01 22:32:56,1.1,40.9,116.9,0.0,22.0,14.6,0
2026-03-01 22:32:59,1.8,41.0,117.2,126703.0,20.0,8.1,0
2026-03-01 22:33:02,4.5,46.0,131.3,4882286.0,19.7,14.7,0
2026-03-01 22:33:05,16.2,57.4,164.0,11427017.0,25.4,6.5,0
2026-03-01 22:33:07,33.9,40.9,157.2,-2445744.0,36.5,56.9,1
2026-03-01 22:33:10,57.1,49.9,191.8,12529913.0,73.2,11.1,1
2026-03-01 22:33:22,57.1,63.9,292.2,8457678.0,0.0,16.1,1
2026-03-01 22:33:32,52.6,0.0,0.0,0.0,136.0,0.0,2
2026-03-01 22:33:37,1.1,0.0,0.0,0.0,0.0,0.0,2
2026-03-01 22:33:40,2.1,0.0,0.0,0.0,0.0,0.0,2
2026-03-01 22:33:43,0.0,0.0,0.0,0.0,0.0,0.0,2
2026-03-01 22:33:45,0.0,0.0,0.0,0.0,0.0,0.0,2
2026-03-01 22:33:48,2.1,0.0,0.0,0.0,0.0,0.0,2
2026-03-01 22:33:51,0.0,0.0,0.0,0.0,0.0,0.0,2
2026-03-01 22:33:54,0.0,0.0,0.0,0.0,0.0,0.0,2
2026-03-01 22:33:57,1.1,0.0,0.0,0.0,0.0,0.0,2
2026-03-01 22:33:59,0.0,0.0,0.0,0.0,0.0,0.0,2
2026-03-01 22:34:02,2.1,0.0,0.0,0.0,0.0,0.0,2
2026-03-01 22:34:05,1.1,0.0,0.0,0.0,0.0,0.0,2
2026-03-01 22:34:08,1.1,0.0,0.0,0.0,0.0,0.0,2
2026-03-01 22:34:11,2.2,0.0,0.0,0.0,0.0,0.0,2
2026-03-01 22:34:13,1.0,0.0,0.0,0.0,0.0,0.0,2
2026-03-01 22:34:16,0.7,0.0,0.0,0.0,0.0,0.0,2
2026-03-01 22:34:19,0.0,0.0,0.0,0.0,0.0,0.0,2
2026-03-01 22:34:22,1.1,0.0,0.0,0.0,0.0,0.0,2
2026-03-01 22:34:24,1.1,0.0,0.0,0.0,0.0,0.0,2
2026-03-01 22:34:27,0.0,0.0,0.0,0.0,0.0,0.0,2
2026-03-01 22:34:30,1.1,0.0,0.0,0.0,0.0,0.0,2
2026-03-01 22:34:33,1.1,0.0,0.0,0.0,0.0,0.0,2
2026-03-01 22:34:35,0.0,0.0,0.0,0.0,0.0,0.0,2
2026-03-01 22:34:38,52.3,0.0,0.0,0.0,162.0,0.0,0
2026-03-01 22:34:41,1.1,54.7,141.1,0.0,132.0,50.7,0
2026-03-01 22:34:44,1.1,56.7,146.2,1864817.0,80.4,33.9,0
2026-03-01 22:34:46,0.0,57.2,147.5,485825.0,58.0,11.6,0
2026-03-01 22:34:49,2.1,58.7,151.4,1389950.0,46.1,17.5,0
2026-03-01 22:34:52,1.1,59.5,153.5,756179.0,38.0,10.1,0
2026-03-01 22:34:55,1.8,59.6,153.7,77548.0,32.1,13.5,0
2026-03-01 22:34:58,1.0,59.8,154.4,228268.0,28.0,15.1,0
2026-03-01 22:35:01,1.0,61.1,157.5,1102623.0,25.0,18.6,0
2026-03-01 22:35:03,1.1,61.1,157.5,0.0,22.6,21.5,0
2026-03-01 22:35:07,0.9,61.1,157.5,0.0,20.3,17.2,0
2026-03-01 22:35:10,2.2,62.0,159.9,785938.0,18.8,10.7,0
2026-03-01 22:35:12,1.1,62.4,160.9,349545.0,17.4,11.0,0
2026-03-01 22:35:15,14.0,40.8,105.7,-20103631.0,18.7,17.3,1
2026-03-01 22:35:18,36.0,53.5,138.7,10962059.0,26.4,8.8,0
2026-03-01 22:35:22,59.5,66.4,172.1,9696446.0,40.8,5.5,1
2026-03-01 22:35:25,100.0,54.0,186.8,4231684.0,60.4,13.6,1
2026-03-01 22:35:34,100.0,73.6,270.7,9345160.0,0.0,9.1,1
2026-03-01 22:35:43,100.0,0.0,0.0,0.0,0.0,0.0,2
2026-03-01 22:35:55,70.6,63.2,301.9,0.0,150.0,228.4,2
2026-03-01 22:35:58,0.0,0.0,0.0,0.0,0.0,0.0,2
2026-03-01 22:36:02,1.0,0.0,0.0,0.0,0.0,0.0,2
2026-03-01 22:36:05,1.1,0.0,0.0,0.0,0.0,0.0,2
2026-03-01 22:36:08,3.2,0.0,0.0,0.0,0.0,0.0,2
2026-03-01 22:36:10,0.0,0.0,0.0,0.0,0.0,0.0,2
2026-03-01 22:36:13,2.0,0.0,0.0,0.0,0.0,0.0,2
2026-03-01 22:36:16,1.1,0.0,0.0,0.0,0.0,0.0,2
2026-03-01 22:36:19,1.1,0.0,0.0,0.0,0.0,0.0,2
2026-03-01 22:36:21,0.0,0.0,0.0,0.0,0.0,0.0,0
2026-03-01 22:36:24,82.8,0.0,0.0,0.0,199.0,349.4,0
2026-03-01 22:36:27,1.1,47.8,121.6,38769991.0,105.0,17.1,0
2026-03-01 22:36:30,1.1,48.3,122.8,437068.0,70.0,13.3,0
2026-03-01 22:36:33,1.1,48.5,123.3,179549.0,53.2,15.0,0
2026-03-01 22:36:35,1.0,50.3,127.8,1680987.0,43.6,16.4,0
2026-03-01 22:36:38,1.0,50.4,128.1,105775.0,36.4,16.8,0
2026-03-01 22:36:41,1.0,50.4,128.1,0.0,31.3,13.4,0
2026-03-01 22:36:44,1.0,51.2,130.1,693328.0,27.8,27.3,0
2026-03-01 22:36:47,0.0,51.6,131.1,332874.0,24.7,16.6,0
2026-03-01 22:36:50,0.9,51.9,131.9,261866.0,22.3,10.9,0
2026-03-01 22:36:53,1.1,52.0,132.2,130676.0,20.5,10.1,0
2026-03-01 22:36:55,1.1,52.7,134.1,675082.0,19.2,11.2,0
2026-03-01 22:36:58,1.1,53.1,134.9,315186.0,17.9,16.5,0
2026-03-01 22:37:01,0.0,53.1,134.9,0.0,16.6,17.4,0
2026-03-01 22:37:04,1.0,53.7,136.5,551626.0,15.7,14.2,0
2026-03-01 22:37:07,0.0,53.7,136.7,41507.0,14.7,15.6,0
2026-03-01 22:37:10,2.2,54.2,137.7,389789.0,14.0,11.7,0
2026-03-01 22:37:12,0.0,54.3,138.2,164802.0,13.3,7.1,0
2026-03-01 22:37:15,1.0,55.0,139.9,613441.0,12.7,17.7,0
2026-03-01 22:37:18,1.0,55.1,140.1,88484.0,12.2,13.0,0
2026-03-01 22:37:21,0.0,55.6,141.5,485710.0,11.7,9.1,0
2026-03-01 22:37:24,1.1,56.7,144.2,913007.0,11.2,10.7,0
2026-03-01 22:37:26,2.0,56.7,144.2,0.0,10.8,9.7,0
2026-03-01 22:37:29,0.0,56.7,144.2,0.0,10.4,6.6,0
2026-03-01 22:37:32,1.1,57.1,145.1,347772.0,10.1,13.9,0
2026-03-01 22:37:35,1.1,57.7,146.8,624244.0,9.8,10.1,0
2026-03-01 22:37:37,3.1,57.8,146.9,46119.0,9.5,12.2,0
2026-03-01 22:37:40,0.0,57.9,147.3,141803.0,9.2,10.7,0
2026-03-01 22:37:43,0.0,58.3,148.3,353313.0,9.0,20.3,0
2026-03-01 22:37:46,2.2,59.2,150.5,809704.0,8.8,7.6,0
2026-03-01 22:37:48,0.0,59.4,151.0,167348.0,8.5,24.4,0
2026-03-01 22:37:51,1.1,59.4,151.0,0.0,8.3,10.0,0
2026-03-01 22:37:54,1.1,60.4,153.6,966830.0,8.2,15.5,0
2026-03-01 22:37:56,1.1,60.4,153.6,0.0,8.0,18.1,0
2026-03-01 22:37:59,3.0,60.4,153.6,0.0,7.8,8.8,0
2026-03-01 22:38:02,18.7,68.8,174.9,7563203.0,8.8,8.2,0
2026-03-01 22:38:05,36.5,55.1,140.8,-12395662.0,11.7,13.6,0
2026-03-01 22:38:08,58.3,67.7,172.8,10814214.0,17.3,4.2,1
2026-03-01 22:38:11,100.0,54.6,207.4,10861448.0,0.0,266.5,1
2026-03-01 22:38:21,100.0,56.7,270.6,6405689.0,56.5,129.1,1
2026-03-01 22:38:33,6.5,85.5,406.2,10971531.0,0.0,327.1,1
2026-03-01 22:38:36,1.1,0.0,0.0,0.0,0.0,0.0,2
2026-03-01 22:38:39,3.2,0.0,0.0,0.0,0.0,0.0,2
2026-03-01 22:38:42,3.0,0.0,0.0,0.0,0.0,0.0,2
2026-03-01 22:38:45,1.1,0.0,0.0,0.0,0.0,0.0,2
2026-03-01 22:38:47,1.1,0.0,0.0,0.0,0.0,0.0,2
2026-03-01 22:38:50,1.0,0.0,0.0,0.0,0.0,0.0,2
2026-03-01 22:38:53,1.1,0.0,0.0,0.0,0.0,0.0,2
2026-03-01 22:38:56,1.1,0.0,0.0,0.0,0.0,0.0,2
2026-03-01 22:38:59,0.0,0.0,0.0,0.0,0.0,0.0,2
2026-03-01 22:39:01,60.3,0.0,0.0,0.0,163.0,0.0,0
2026-03-01 22:39:05,2.3,38.0,107.0,0.0,131.0,80.6,0
2026-03-01 22:39:08,1.0,39.1,110.2,1046850.0,79.5,20.6,0
2026-03-01 22:39:11,0.9,39.6,111.6,454929.0,57.1,10.8,0
2026-03-01 22:39:14,0.8,41.5,117.0,1916026.0,45.5,8.6,0
2026-03-01 22:39:16,1.0,41.8,117.6,213036.0,38.1,14.3,0
2026-03-01 22:39:19,0.9,41.8,117.8,72022.0,33.1,13.0,0
2026-03-01 22:39:22,1.0,42.5,119.6,591485.0,28.8,16.5,1
2026-03-01 22:39:25,16.3,46.6,131.3,4176704.0,28.1,6.0,0
2026-03-01 22:39:28,11.7,57.8,162.8,11314540.0,35.1,7.0,1
2026-03-01 22:39:31,43.1,42.0,158.9,-1358056.0,48.3,9.6,1
2026-03-01 22:39:34,100.0,51.0,193.2,11746310.0,85.5,8.6,1
2026-03-01 22:39:44,100.0,62.8,304.4,10514397.0,138.0,34.4,1
2026-03-01 22:40:01,27.3,85.0,417.3,6532192.0,0.0,196.1,1
2026-03-01 22:40:05,1.1,0.0,0.0,0.0,0.0,0.0,2
2026-03-01 22:40:07,0.0,0.0,0.0,0.0,0.0,0.0,2
2026-03-01 22:40:10,1.1,0.0,0.0,0.0,0.0,0.0,2
2026-03-01 22:40:13,0.0,0.0,0.0,0.0,0.0,0.0,2
2026-03-01 22:40:16,0.8,0.0,0.0,0.0,0.0,0.0,2
2026-03-01 22:40:19,1.1,0.0,0.0,0.0,0.0,0.0,2
2026-03-01 22:40:21,0.0,0.0,0.0,0.0,0.0,0.0,2
2026-03-01 22:40:24,2.1,0.0,0.0,0.0,0.0,0.0,2
2026-03-01 22:40:27,0.0,0.0,0.0,0.0,0.0,0.0,2
2026-03-01 22:40:30,1.0,0.0,0.0,0.0,0.0,0.0,2
2026-03-01 22:40:33,1.1,0.0,0.0,0.0,0.0,0.0,2
2026-03-01 22:40:35,1.1,0.0,0.0,0.0,0.0,0.0,2
2026-03-01 22:40:38,1.1,0.0,0.0,0.0,0.0,0.0,2
2026-03-01 22:40:41,0.0,0.0,0.0,0.0,0.0,0.0,2
2026-03-01 22:40:44,0.0,0.0,0.0,0.0,0.0,0.0,2
2026-03-01 22:40:47,1.1,0.0,0.0,0.0,0.0,0.0,0
2026-03-01 22:40:49,65.4,0.0,0.0,0.0,150.0,0.0,0
2026-03-01 22:40:52,3.4,62.8,190.6,0.0,139.0,68.4,0
2026-03-01 22:40:55,1.1,30.6,92.5,-35957675.0,86.7,15.6,0
2026-03-01 22:40:58,0.0,31.0,93.7,427337.0,63.0,9.6,0
2026-03-01 22:41:00,4.0,32.2,97.3,1269188.0,49.8,18.8,0
2026-03-01 22:41:03,0.0,32.9,99.3,750486.0,41.3,13.2,0
2026-03-01 22:41:06,1.9,33.0,99.5,91160.0,35.3,11.8,0
2026-03-01 22:41:09,1.1,33.0,99.5,0.0,30.9,9.9,0
2026-03-01 22:41:12,1.1,33.6,101.5,662172.0,27.5,10.9,0
2026-03-01 22:41:14,1.0,33.9,102.4,345018.0,24.8,14.9,0
2026-03-01 22:41:17,0.0,33.9,102.4,0.0,22.7,10.8,0
2026-03-01 22:41:20,6.2,34.1,103.0,199881.0,21.0,9.2,0
2026-03-01 22:41:22,1.0,34.7,104.9,713762.0,19.5,18.6,1
2026-03-01 22:41:25,1.1,35.2,106.2,473184.0,18.2,10.4,0
2026-03-01 22:41:28,17.4,42.4,128.1,7831053.0,18.8,11.9,0
2026-03-01 22:41:31,31.3,53.8,162.3,10827795.0,25.5,7.4,0
2026-03-01 22:41:34,42.1,42.2,168.0,1962147.0,36.1,31.8,1
2026-03-01 22:41:37,0.0,50.5,201.3,11546938.0,46.6,20.7,1
2026-03-01 22:41:46,100.0,0.0,0.0,0.0,104.0,0.0,2
2026-03-01 22:42:04,0.9,0.0,0.0,0.0,0.0,0.0,2
2026-03-01 22:42:07,2.0,0.0,0.0,0.0,0.0,0.0,2
2026-03-01 22:42:10,1.5,0.0,0.0,0.0,0.0,0.0,2
2026-03-01 22:42:13,0.0,0.0,0.0,0.0,0.0,0.0,2
2026-03-01 22:42:16,1.1,0.0,0.0,0.0,0.0,0.0,2
2026-03-01 22:42:18,1.1,0.0,0.0,0.0,0.0,0.0,2
2026-03-01 22:42:21,0.0,0.0,0.0,0.0,0.0,0.0,2
2026-03-01 22:42:24,2.2,0.0,0.0,0.0,0.0,0.0,2
2026-03-01 22:42:27,1.0,0.0,0.0,0.0,0.0,0.0,2
2026-03-01 22:42:29,1.1,0.0,0.0,0.0,0.0,0.0,0
2026-03-01 22:42:32,1.0,0.0,0.0,0.0,125.0,0.0,0
2026-03-01 22:42:35,4.3,35.9,96.6,0.0,176.0,76.6,0
2026-03-01 22:42:38,1.1,37.3,100.5,1311299.0,94.3,18.8,0
2026-03-01 22:42:41,1.1,38.3,103.2,951732.0,64.3,20.4,0
2026-03-01 22:42:44,1.1,39.7,107.0,1323269.0,49.5,31.6,1
2026-03-01 22:42:47,13.6,40.4,109.0,690851.0,41.7,10.3,1
2026-03-01 22:42:50,14.1,52.3,141.1,10781235.0,46.2,9.4,1
2026-03-01 22:42:53,12.1,64.0,172.5,10387389.0,60.5,8.0,1
2026-03-01 22:42:56,77.1,48.7,179.6,2458774.0,82.8,14.7,1
2026-03-01 22:43:04,77.4,69.4,255.6,9272300.0,138.0,10.9,1
2026-03-01 22:43:12,62.5,0.0,0.0,0.0,160.0,0.0,2
2026-03-01 22:43:21,1.1,0.0,0.0,0.0,0.0,0.0,2
2026-03-01 22:43:24,0.0,0.0,0.0,0.0,0.0,0.0,2
2026-03-01 22:43:27,1.0,0.0,0.0,0.0,0.0,0.0,2
2026-03-01 22:43:30,1.7,0.0,0.0,0.0,0.0,0.0,2
2026-03-01 22:43:33,1.1,0.0,0.0,0.0,0.0,0.0,2
2026-03-01 22:43:35,2.0,0.0,0.0,0.0,0.0,0.0,2
2026-03-01 22:43:38,1.1,0.0,0.0,0.0,0.0,0.0,0
2026-03-01 22:43:41,92.1,46.2,93.9,0.0,198.0,172.3,0
2026-03-01 22:43:44,1.0,40.3,114.0,6963159.0,104.0,16.7,0
2026-03-01 22:43:47,2.2,40.9,115.7,572020.0,68.8,12.6,0
2026-03-01 22:43:49,2.8,41.0,116.1,163922.0,50.9,12.6,0
2026-03-01 22:43:52,1.1,42.7,121.0,1638218.0,41.1,12.4,0
2026-03-01 22:43:55,0.0,43.0,121.8,278434.0,34.2,7.5,0
2026-03-01 22:43:58,1.1,43.0,121.8,0.0,29.5,13.1,0
2026-03-01 22:44:01,11.4,54.8,155.2,11265318.0,32.7,14.4,1
2026-03-01 22:44:04,27.6,62.7,177.6,8212613.0,42.4,16.3,1
2026-03-01 22:44:07,65.9,60.0,170.0,-2546954.0,60.0,8.3,1
2026-03-02 23:13:27,0.0,44.7,116.2,0.0,44.5,7.7,0
2026-03-02 23:13:28,10.6,44.8,116.6,423123.0,41.7,7.5,0
2026-03-02 23:13:29,10.8,45.0,116.9,329826.0,39.4,5.8,0
2026-03-02 23:13:30,11.4,45.0,117.0,106217.0,37.3,11.6,0
2026-03-02 23:13:31,7.3,45.2,117.6,639500.0,35.5,9.1,0
2026-03-02 23:13:32,11.7,45.5,118.2,590181.0,33.8,11.7,0
2026-03-02 23:13:33,10.1,45.5,118.3,104219.0,32.3,8.6,0
2026-03-02 23:13:34,20.9,49.7,129.1,10825327.0,31.6,6.8,1
2026-03-02 23:13:35,23.3,53.8,140.0,10704764.0,32.1,9.2,1
2026-03-02 23:13:36,19.2,58.7,152.6,11896648.0,34.3,7.4,1
2026-03-02 23:13:38,26.4,63.0,163.7,8611975.0,37.9,6.9,1
2026-03-02 23:13:39,42.4,71.2,185.2,15109804.0,43.3,4.2,1
2026-03-02 23:13:40,50.0,38.7,162.5,-17906712.0,49.6,7.5,1
2026-03-02 23:13:42,38.0,41.6,174.7,8776174.0,56.8,7.1,1
2026-03-02 23:13:43,73.9,46.8,196.5,12679912.0,67.1,10.6,1
2026-03-02 23:13:48,98.6,57.2,240.4,10354408.0,94.0,11.4,1
2026-03-02 23:13:52,66.1,71.9,299.3,13659899.0,116.0,3.4,1
2026-03-02 23:13:56,83.9,67.6,324.8,6047226.0,132.0,5.8,1
2026-03-02 23:14:03,84.9,80.4,386.5,9400301.0,150.0,8.6,1
2026-03-02 23:14:07,49.6,0.0,0.0,-92386532.0,0.0,0.0,1
2026-03-02 23:14:09,8.3,0.0,0.0,0.0,0.0,0.0,2
2026-03-02 23:14:09,9.4,0.0,0.0,0.0,0.0,0.0,2
2026-03-02 23:14:10,8.9,0.0,0.0,0.0,0.0,0.0,2
2026-03-02 23:14:11,10.1,0.0,0.0,0.0,0.0,0.0,2
2026-03-02 23:14:12,9.0,0.0,0.0,0.0,0.0,0.0,2
2026-03-02 23:14:13,11.1,0.0,0.0,0.0,0.0,0.0,2
2026-03-02 23:14:14,9.2,0.0,0.0,0.0,0.0,0.0,2
2026-03-02 23:14:15,10.1,0.0,0.0,0.0,0.0,0.0,2
2026-03-02 23:14:16,9.8,0.0,0.0,0.0,0.0,0.0,2
2026-03-02 23:14:17,11.2,0.0,0.0,0.0,0.0,0.0,2
2026-03-02 23:14:18,10.9,0.0,0.0,0.0,0.0,0.0,2
2026-03-02 23:14:19,9.5,0.0,0.0,0.0,0.0,0.0,2
2026-03-02 23:14:20,32.0,0.0,0.0,0.0,0.0,0.0,0
2026-03-02 23:14:20,70.0,17.5,35.6,38165235.0,165.0,178.4,0
2026-03-02 23:14:22,75.6,38.3,102.2,45787995.0,180.0,29.9,0
2026-03-02 23:14:23,9.6,40.8,108.8,6669928.0,137.0,13.7,0
2026-03-02 23:14:24,13.2,41.4,110.5,1807280.0,111.0,7.6,0
2026-03-02 23:14:25,9.7,41.7,111.2,676546.0,93.1,7.8,0
2026-03-02 23:14:26,12.3,42.0,112.1,891870.0,80.4,10.1,0
2026-03-02 23:14:27,11.6,42.0,112.2,107125.0,70.3,10.0,0
2026-03-02 23:14:28,10.1,42.0,112.2,0.0,63.0,14.9,0
2026-03-02 23:14:29,12.8,42.2,112.5,341121.0,57.3,7.8,0
2026-03-02 23:14:30,12.5,42.4,113.2,610921.0,52.0,8.3,0
2026-03-02 23:14:31,12.4,43.4,115.9,2803005.0,48.5,6.1,0
2026-03-02 23:14:32,18.4,47.9,127.8,12351466.0,46.8,5.0,1
2026-03-02 23:14:33,21.3,51.9,138.6,10693193.0,46.7,8.0,1
2026-03-02 23:14:34,28.9,56.0,149.6,9946418.0,49.0,18.2,1
2026-03-02 23:14:35,34.4,60.0,160.0,8016757.0,53.5,4.6,1
2026-03-02 23:14:36,30.3,68.0,181.5,19913961.0,58.8,17.2,1
2026-03-02 23:14:38,47.7,37.4,161.6,-15721454.0,67.0,97.8,1
2026-03-02 23:14:39,51.2,40.3,174.4,7927353.0,76.3,6.2,1
2026-03-02 23:14:41,40.8,45.7,197.5,11216308.0,90.6,4.1,1
2026-03-02 23:14:46,88.9,59.6,255.8,11979504.0,125.0,6.9,1
2026-03-02 23:14:52,95.6,74.9,321.2,11745518.0,153.0,18.5,1
2026-03-02 23:14:56,97.7,71.9,345.9,6266095.0,166.0,11.5,1
2026-03-02 23:15:04,80.6,89.2,428.9,10537710.0,188.0,34.8,1
2026-03-02 23:15:05,16.3,0.0,0.0,-220254035.0,0.0,0.0,0
2026-03-02 23:15:06,9.5,0.0,0.0,0.0,0.0,0.0,2
2026-03-02 23:15:07,9.0,0.0,0.0,0.0,0.0,0.0,2
2026-03-02 23:15:08,8.6,0.0,0.0,0.0,0.0,0.0,2
2026-03-02 23:15:09,8.2,0.0,0.0,0.0,0.0,0.0,2
2026-03-02 23:15:10,9.8,0.0,0.0,0.0,0.0,0.0,2
2026-03-02 23:15:11,9.7,0.0,0.0,0.0,0.0,0.0,2
2026-03-02 23:15:12,9.0,0.0,0.0,0.0,0.0,0.0,2
2026-03-02 23:15:13,8.7,0.0,0.0,0.0,0.0,0.0,2
2026-03-02 23:15:14,8.9,0.0,0.0,0.0,0.0,0.0,2
2026-03-02 23:15:15,10.8,0.0,0.0,0.0,0.0,0.0,2
2026-03-02 23:15:15,11.3,0.0,0.0,0.0,0.0,0.0,2
2026-03-02 23:15:16,14.9,0.0,0.0,0.0,0.0,0.0,0
2026-03-02 23:15:17,46.9,0.0,0.0,0.0,0.0,0.0,0
2026-03-02 23:15:18,66.4,47.2,107.0,95947609.0,161.0,28.1,0
2026-03-02 23:15:20,11.2,70.6,187.5,59781559.0,144.0,14.2,0
2026-03-02 23:15:21,12.2,71.0,188.8,1266040.0,114.0,9.1,0
2026-03-02 23:15:22,9.8,71.5,190.1,1288801.0,95.5,7.5,0
2026-03-02 23:15:23,9.8,71.7,190.6,470850.0,81.9,12.0,0
2026-03-02 23:15:24,9.7,71.8,190.9,354399.0,72.0,10.3,0
2026-03-02 23:15:25,10.2,71.9,191.2,288723.0,64.6,9.3,0
2026-03-02 23:15:26,9.6,72.1,191.6,369863.0,58.8,6.9,0
2026-03-02 23:15:27,12.8,72.2,192.0,470939.0,54.0,7.0,0
2026-03-02 23:15:28,12.0,72.3,192.1,145559.0,50.4,5.4,0
2026-03-02 23:15:29,10.3,38.6,100.8,-92806363.0,47.4,5.3,0
2026-03-02 23:15:30,10.3,39.5,103.0,2305970.0,44.3,7.4,0
2026-03-02 23:15:31,19.0,43.7,114.1,10033397.0,43.0,4.8,1
2026-03-02 23:15:32,28.0,47.8,124.8,10863572.0,43.8,8.9,1
2026-03-02 23:15:33,25.8,55.9,146.0,17024820.0,46.7,8.6,1
2026-03-02 23:15:34,24.6,60.1,156.9,9027594.0,51.2,15.7,1
2026-03-02 23:15:35,31.8,64.2,167.6,8043061.0,56.5,4.1,1
2026-03-02 23:15:37,50.4,68.4,178.6,8589505.0,63.8,5.7,1
2026-03-02 23:15:38,66.4,39.1,177.1,-1006284.0,73.2,14.5,1
2026-03-02 23:15:40,80.0,44.1,200.2,11055108.0,89.1,8.7,1
2026-03-02 23:15:46,94.4,58.3,264.5,11366804.0,126.0,15.6,1
2026-03-02 23:15:50,38.8,64.1,293.2,7666980.0,144.0,4.1,1
2026-03-02 23:15:56,53.8,76.7,366.3,11554774.0,163.0,12.3,1
2026-03-02 23:15:59,89.8,83.2,397.5,10579302.0,170.0,9.2,1
2026-03-02 23:16:03,33.1,0.0,0.0,-103364359.0,0.0,0.0,2
2026-03-02 23:16:04,8.0,0.0,0.0,0.0,0.0,0.0,2
2026-03-02 23:16:05,9.0,0.0,0.0,0.0,0.0,0.0,2
2026-03-02 23:16:05,8.9,0.0,0.0,0.0,0.0,0.0,2
2026-03-02 23:16:06,9.2,0.0,0.0,0.0,0.0,0.0,2
2026-03-02 23:16:07,8.2,0.0,0.0,0.0,0.0,0.0,2
2026-03-02 23:16:08,9.1,0.0,0.0,0.0,0.0,0.0,2
2026-03-02 23:16:09,9.9,0.0,0.0,0.0,0.0,0.0,2
2026-03-02 23:16:10,9.1,0.0,0.0,0.0,0.0,0.0,2
2026-03-02 23:16:11,9.7,0.0,0.0,0.0,0.0,0.0,2
2026-03-02 23:16:12,11.4,0.0,0.0,0.0,0.0,0.0,2
2026-03-02 23:16:13,11.8,0.0,0.0,0.0,0.0,0.0,2
2026-03-02 23:16:14,15.2,0.0,0.0,0.0,0.0,0.0,2
2026-03-02 23:16:14,9.2,0.0,0.0,0.0,0.0,0.0,2
2026-03-02 23:16:15,8.0,0.0,0.0,0.0,0.0,0.0,2
2026-03-02 23:16:16,9.7,0.0,0.0,0.0,0.0,0.0,2
2026-03-02 23:16:17,37.0,0.0,0.0,0.0,0.0,0.0,0
2026-03-02 23:16:18,70.5,13.9,27.0,28790613.0,164.0,73.4,0
2026-03-02 23:16:19,85.3,39.5,100.0,55573431.0,183.0,32.3,0
2026-03-02 23:16:20,9.6,41.0,103.9,4006691.0,137.0,7.3,0
2026-03-02 23:16:21,10.9,41.7,105.6,1745363.0,110.0,7.2,0
2026-03-02 23:16:22,12.2,41.9,106.1,466365.0,92.9,5.4,0
2026-03-02 23:16:23,12.2,42.6,108.0,1994159.0,80.1,8.3,0
2026-03-02 23:16:24,11.6,42.6,108.0,0.0,69.7,9.2,0
2026-03-02 23:16:25,9.7,42.7,108.1,131049.0,62.3,4.6,0
2026-03-02 23:16:26,10.4,42.8,108.3,231781.0,56.5,4.2,0
2026-03-02 23:16:27,10.2,43.0,108.9,623398.0,51.6,4.4,0
2026-03-02 23:16:28,13.2,44.2,112.0,3116305.0,48.0,5.6,0
2026-03-02 23:16:29,13.0,44.5,112.8,887757.0,44.9,15.7,0
2026-03-02 23:16:30,17.5,49.0,124.1,12004653.0,43.3,20.7,1
2026-03-02 23:16:31,17.4,53.2,134.8,10911831.0,42.9,3.6,1
2026-03-02 23:16:32,16.1,57.5,145.5,10891983.0,44.6,7.1,1
2026-03-02 23:16:33,37.1,61.9,156.7,9569565.0,48.5,14.3,1
2026-03-02 23:16:34,33.8,66.2,167.6,8946363.0,54.2,12.0,1
2026-03-02 23:16:36,40.6,70.5,178.5,8353424.0,61.1,3.3,1
2026-03-02 23:16:37,30.2,42.3,169.9,-6041076.0,69.9,3.8,1
2026-03-02 23:16:38,62.7,45.5,182.7,10451888.0,78.0,4.3,1
2026-03-02 23:16:41,98.1,53.6,215.1,11938912.0,99.5,6.9,1
2026-03-02 23:16:45,96.5,67.5,252.8,8982736.0,124.0,25.3,1
2026-03-02 23:16:55,53.3,63.4,302.7,4854872.0,167.0,25.2,1
2026-03-02 23:17:02,88.9,89.8,428.9,18995086.0,179.0,9.2,1
2026-03-02 23:17:04,13.0,0.0,0.0,-253332601.0,0.0,0.0,2
2026-03-02 23:17:05,9.0,0.0,0.0,0.0,0.0,0.0,2
2026-03-02 23:17:06,10.5,0.0,0.0,0.0,0.0,0.0,2
2026-03-02 23:17:06,9.8,0.0,0.0,0.0,0.0,0.0,2
2026-03-02 23:17:07,9.0,0.0,0.0,0.0,0.0,0.0,2
2026-03-02 23:17:08,8.2,0.0,0.0,0.0,0.0,0.0,2
2026-03-02 23:17:09,10.7,0.0,0.0,0.0,0.0,0.0,2
2026-03-02 23:17:10,9.3,0.0,0.0,0.0,0.0,0.0,2
2026-03-02 23:17:11,10.4,0.0,0.0,0.0,0.0,0.0,2
2026-03-02 23:17:12,8.2,0.0,0.0,0.0,0.0,0.0,2
2026-03-02 23:17:13,9.1,0.0,0.0,0.0,0.0,0.0,2
2026-03-02 23:17:14,10.9,0.0,0.0,0.0,0.0,0.0,0
2026-03-02 23:17:15,53.1,0.0,0.0,0.0,0.0,0.0,0
2026-03-02 23:17:16,76.7,40.3,92.3,87711782.0,166.0,34.5,0
2026-03-02 23:17:17,22.7,37.9,96.7,3055689.0,146.0,50.7,0
2026-03-02 23:17:18,11.0,38.7,98.9,2135925.0,116.0,18.0,0
2026-03-02 23:17:19,13.0,39.1,99.9,1085094.0,96.9,10.3,0
2026-03-02 23:17:20,12.2,39.5,101.0,1017154.0,83.4,5.1,0
2026-03-02 23:17:21,10.7,39.7,101.3,346210.0,73.4,8.2,0
2026-03-02 23:17:22,12.5,39.7,101.4,75914.0,65.4,16.5,0
2026-03-02 23:17:23,13.0,39.8,101.6,220883.0,59.1,7.5,0
2026-03-02 23:17:24,10.5,39.9,101.9,280209.0,54.2,6.3,0
2026-03-02 23:17:25,17.7,40.9,104.5,2626481.0,52.2,4.6,0
2026-03-02 23:17:26,11.5,41.4,105.7,1173426.0,48.7,7.4,0
2026-03-02 23:17:27,9.5,41.4,105.8,110580.0,45.4,9.1,0
2026-03-02 23:17:28,10.9,41.6,106.3,543138.0,42.6,7.2,0
2026-03-02 23:17:29,10.9,41.7,106.5,158968.0,40.1,10.6,0
2026-03-02 23:17:30,11.4,41.8,106.6,192673.0,38.1,13.1,1
2026-03-02 23:17:31,18.9,46.1,117.7,10419150.0,37.2,9.1,1
2026-03-02 23:17:32,23.1,50.3,128.4,10756074.0,38.0,7.7,1
2026-03-02 23:17:33,39.4,54.6,139.5,10105616.0,40.5,5.1,1
2026-03-02 23:17:34,36.1,58.8,150.2,9998212.0,44.0,3.6,1
2026-03-02 23:17:35,32.9,63.5,162.2,10477578.0,49.0,5.6,1
2026-03-02 23:17:37,33.3,72.0,183.8,16454168.0,55.0,8.1,1
2026-03-02 23:17:38,53.7,39.0,167.1,-13175845.0,61.9,3.6,1
2026-03-02 23:17:39,36.6,41.7,178.6,7912286.0,69.6,4.0,1
2026-03-02 23:17:43,86.8,49.3,211.0,8983190.0,93.1,4.5,1
2026-03-02 23:17:49,97.3,74.2,303.7,14487475.0,127.0,46.2,1
2026-03-02 23:17:52,88.1,65.1,313.0,3288919.0,137.0,3.7,1
2026-03-02 23:17:58,92.6,77.9,374.7,11602678.0,154.0,124.7,1
2026-03-02 23:18:05,39.6,0.0,0.0,-54180844.0,0.0,0.0,0
2026-03-02 23:18:06,8.1,0.0,0.0,0.0,0.0,0.0,2
2026-03-02 23:18:06,7.6,0.0,0.0,0.0,0.0,0.0,2
2026-03-02 23:18:07,8.6,0.0,0.0,0.0,0.0,0.0,2
2026-03-02 23:18:08,11.6,0.0,0.0,0.0,0.0,0.0,2
2026-03-02 23:18:09,8.6,0.0,0.0,0.0,0.0,0.0,2
2026-03-02 23:18:10,8.1,0.0,0.0,0.0,0.0,0.0,2
2026-03-02 23:18:11,9.1,0.0,0.0,0.0,0.0,0.0,2
2026-03-02 23:18:12,9.6,0.0,0.0,0.0,0.0,0.0,2
2026-03-02 23:18:13,10.1,0.0,0.0,0.0,0.0,0.0,2
2026-03-02 23:18:14,9.0,0.0,0.0,0.0,0.0,0.0,2
2026-03-02 23:18:15,6.2,0.0,0.0,0.0,0.0,0.0,2
2026-03-02 23:18:16,20.4,0.0,0.0,0.0,0.0,0.0,0
2026-03-02 23:18:17,60.5,0.0,0.0,0.0,0.0,0.0,0
2026-03-02 23:18:18,71.1,58.1,135.2,130717412.0,172.0,24.1,0
2026-03-02 23:18:19,18.6,38.0,106.2,-20480683.0,149.0,9.1,0
2026-03-02 23:18:20,11.0,38.9,108.7,2412217.0,119.0,7.9,0
2026-03-02 23:18:21,12.4,39.4,110.1,1393180.0,99.1,16.2,0
2026-03-02 23:18:22,12.4,39.7,110.8,729883.0,85.0,7.1,0
2026-03-02 23:18:23,13.2,39.8,111.3,481362.0,74.9,12.6,0
2026-03-02 23:18:24,10.1,39.9,111.6,317829.0,66.9,8.4,0
2026-03-02 23:18:25,10.9,39.9,111.6,0.0,60.6,14.7,0
2026-03-02 23:18:26,10.3,40.1,112.0,425119.0,55.5,3.6,0
2026-03-02 23:18:27,11.2,41.1,114.7,2754814.0,51.4,3.3,0
2026-03-02 23:18:28,15.7,45.3,126.7,12570790.0,48.6,10.8,1
2026-03-02 23:18:29,20.4,49.3,137.7,10417038.0,47.3,3.7,1
2026-03-02 23:18:30,24.4,53.1,148.5,9963348.0,48.6,16.8,1
2026-03-02 23:18:31,31.0,56.9,159.1,8668014.0,52.1,10.3,1
2026-03-02 23:18:32,26.1,60.8,170.0,9052614.0,57.6,3.8,1
2026-03-02 23:18:34,37.9,64.7,180.9,8163976.0,64.1,3.7,1
2026-03-02 23:18:35,55.0,35.0,168.5,-9265390.0,72.7,4.6,1
2026-03-02 23:18:37,58.6,37.3,179.7,7972444.0,80.9,4.1,1
2026-03-02 23:18:39,95.5,42.0,202.4,10541897.0,96.8,6.3,1
2026-03-02 23:18:46,91.8,63.0,283.1,11236514.0,142.0,5.2,1
2026-03-02 23:18:54,78.1,76.5,365.5,10158853.0,168.0,12.1,1
2026-03-02 23:18:58,88.6,85.3,407.3,9774705.0,179.0,24.2,1
2026-03-02 23:19:00,13.0,0.0,0.0,-223423960.0,0.0,0.0,2
2026-03-02 23:19:01,8.7,0.0,0.0,0.0,0.0,0.0,2
2026-03-02 23:19:02,10.0,0.0,0.0,0.0,0.0,0.0,2
2026-03-02 23:19:03,10.5,0.0,0.0,0.0,0.0,0.0,2
2026-03-02 23:19:04,10.1,0.0,0.0,0.0,0.0,0.0,2
2026-03-02 23:19:05,10.6,0.0,0.0,0.0,0.0,0.0,2
2026-03-02 23:19:05,9.7,0.0,0.0,0.0,0.0,0.0,2
2026-03-02 23:19:06,9.2,0.0,0.0,0.0,0.0,0.0,2
2026-03-02 23:19:07,9.6,0.0,0.0,0.0,0.0,0.0,2
2026-03-02 23:19:08,9.2,0.0,0.0,0.0,0.0,0.0,2
2026-03-02 23:19:09,17.3,0.0,0.0,0.0,0.0,0.0,0
2026-03-02 23:19:10,62.1,0.0,0.0,0.0,0.0,0.0,0
2026-03-02 23:19:11,83.8,42.3,105.8,89496286.0,173.0,18.7,0
2026-03-02 23:19:13,13.7,74.9,188.4,65204609.0,141.0,7.6,0
2026-03-02 23:19:14,13.0,76.0,191.3,2837463.0,115.0,113.5,0
2026-03-02 23:19:15,11.8,40.1,99.3,-76474382.0,94.3,13.8,0
2026-03-02 23:19:16,10.1,40.8,101.1,1769133.0,81.6,12.5,0
2026-03-02 23:19:17,11.9,41.0,101.4,388092.0,71.9,9.4,0
2026-03-02 23:19:18,13.2,41.1,101.6,187718.0,64.2,8.7,0
2026-03-02 23:19:19,9.7,41.2,101.9,259081.0,58.5,12.9,0
2026-03-02 23:19:20,8.4,41.2,102.0,160697.0,53.7,8.0,0
2026-03-02 23:19:21,14.8,42.3,104.6,2685603.0,50.1,6.5,0
2026-03-02 23:19:22,12.4,42.8,106.0,1283970.0,46.6,7.1,0
2026-03-02 23:19:23,9.7,42.9,106.2,258478.0,43.2,11.3,0
2026-03-02 23:19:24,10.9,43.1,106.6,326425.0,40.8,3.5,0
2026-03-02 23:19:25,12.8,43.2,106.8,297866.0,38.6,13.3,0
2026-03-02 23:19:26,12.2,43.3,107.1,224238.0,36.8,11.1,0
2026-03-02 23:19:27,10.9,43.4,107.3,299309.0,35.0,5.9,0
2026-03-02 23:19:28,11.6,43.5,107.6,214390.0,33.4,10.1,0
2026-03-02 23:19:29,11.0,43.5,107.7,200429.0,31.9,10.4,0
2026-03-02 23:19:30,11.3,43.8,108.3,613341.0,30.7,8.0,0
2026-03-02 23:19:31,12.4,44.3,109.6,1329048.0,29.8,5.6,0
2026-03-02 23:19:32,20.2,48.8,120.7,11253563.0,29.6,16.0,1
2026-03-02 23:19:33,23.7,53.3,131.9,10339403.0,30.5,4.1,1
2026-03-02 23:19:34,28.5,57.6,142.6,10093279.0,32.7,6.0,1
2026-03-02 23:19:35,31.2,62.0,153.5,9424396.0,36.0,18.4,1
2026-03-02 23:19:36,36.6,70.8,175.1,16968374.0,41.0,7.2,1
2026-03-02 23:19:38,23.0,75.2,186.1,7228868.0,46.3,6.9,1
2026-03-02 23:19:39,48.9,43.4,184.1,-1198984.0,55.5,5.2,1
2026-03-02 23:19:43,87.3,51.4,217.9,9999754.0,86.0,21.5,1
2026-03-02 23:19:51,35.5,75.0,310.5,10675138.0,120.0,4.7,1
